,가구,1040,2855,4847,NNBC,*,F,가구.1,*.1,*.2,*.3,*.4
0,가락,1041,3216,5354,NNBC,*,T,가락,*,*,*,*
1,가마,1042,2856,4423,NNBC,*,F,가마,*,*,*,*
2,가마니,1043,2857,4589,NNBC,*,F,가마니,*,*,*,*
3,가밀,1044,3217,4763,NNBC,*,T,가밀,*,*,*,*
4,가우스,1045,2858,4589,NNBC,*,F,가우스,*,*,*,*
5,가족,1046,3218,3425,NNBC,*,T,가족,*,*,*,*
6,가지,1047,2859,2981,NNBC,*,F,가지,*,*,*,*
7,가호,1053,2860,4664,NNBC,*,F,가호,*,*,*,*
8,각,1054,3219,6414,NNBC,*,T,각,*,*,*,*
9,간,1055,3220,7003,NNBC,*,T,간,*,*,*,*
10,갈,1056,3221,6455,NNBC,*,T,갈,*,*,*,*
11,갈래,1057,2861,5016,NNBC,*,F,갈래,*,*,*,*
12,감,1058,3222,7232,NNBC,*,T,감,*,*,*,*
13,감마,1059,2862,4591,NNBC,*,F,감마,*,*,*,*
14,갑,1060,3223,5722,NNBC,*,T,갑,*,*,*,*
15,갓,1061,3224,4591,NNBC,*,T,갓,*,*,*,*
16,강다리,1062,2863,4589,NNBC,*,F,강다리,*,*,*,*
17,개,1063,2864,4568,NNBC,*,F,개,*,*,*,*
18,개국,1064,3225,3741,NNBC,*,T,개국,*,*,*,*
19,개년,1065,3226,4213,NNBC,*,T,개년,*,*,*,*
20,개비,1066,2865,4863,NNBC,*,F,개비,*,*,*,*
21,개소,1067,2866,4589,NNBC,*,F,개소,*,*,*,*
22,개월,1068,3227,2652,NNBC,*,T,개월,*,*,*,*
23,개조,1069,2867,5102,NNBC,*,F,개조,*,*,*,*
24,갤런,1078,3228,4589,NNBC,*,T,갤런,*,*,*,*
25,거듬,1080,3229,4589,NNBC,*,T,거듬,*,*,*,*
26,거리,1081,2868,5750,NNBC,*,F,거리,*,*,*,*
27,건,1082,3230,5628,NNBC,*,T,건,*,*,*,*
28,걸음,1083,3231,5275,NNBC,*,T,걸음,*,*,*,*
29,게라,1084,2869,4781,NNBC,*,F,게라,*,*,*,*
30,게브,1085,2870,4589,NNBC,*,F,게브,*,*,*,*
31,결,1086,3232,6358,NNBC,*,T,결,*,*,*,*
32,겹,1087,3233,5866,NNBC,*,T,겹,*,*,*,*
33,경,1088,3234,7184,NNBC,*,T,경,*,*,*,*
34,고랑,1089,3235,4589,NNBC,*,T,고랑,*,*,*,*
35,고랑배미,1090,2871,4589,NNBC,*,F,고랑배미,*,*,*,*
36,고리,1091,2872,4885,NNBC,*,F,고리,*,*,*,*
37,곡,1092,3236,6254,NNBC,*,T,곡,*,*,*,*
38,곤,1093,3237,5635,NNBC,*,T,곤,*,*,*,*
39,공기,1094,2873,4325,NNBC,*,F,공기,*,*,*,*
40,과,1095,2874,7305,NNBC,*,F,과,*,*,*,*
41,과목,1096,3238,4234,NNBC,*,T,과목,*,*,*,*
42,관,1097,3239,7116,NNBC,*,T,관,*,*,*,*
43,광년,1098,3240,4479,NNBC,*,T,광년,*,*,*,*
44,광주리,1099,2875,4589,NNBC,*,F,광주리,*,*,*,*
45,괴,1100,2876,5765,NNBC,*,F,괴,*,*,*,*
46,교,1101,2877,6812,NNBC,*,F,교,*,*,*,*
47,교시,1102,2878,4164,NNBC,*,F,교시,*,*,*,*
48,구,1103,2879,7168,NNBC,*,F,구,*,*,*,*
49,국자,1104,2880,4675,NNBC,*,F,국자,*,*,*,*
50,국제볼트,1105,2881,4589,NNBC,*,F,국제볼트,*,*,*,*
51,국제암페어,1106,2882,4589,NNBC,*,F,국제암페어,*,*,*,*
52,국제옴,1107,3241,4589,NNBC,*,T,국제옴,*,*,*,*
53,국제옹스트롱,1108,3242,4589,NNBC,*,T,국제옹스트롱,*,*,*,*
54,국제와트,1109,2883,4589,NNBC,*,F,국제와트,*,*,*,*
55,군,1110,3243,6547,NNBC,*,T,군,*,*,*,*
56,군단,1111,3244,4517,NNBC,*,T,군단,*,*,*,*
57,군데,1112,2884,3854,NNBC,*,F,군데,*,*,*,*
58,권,1117,3245,3973,NNBC,*,T,권,*,*,*,*
59,궤,1118,2885,4706,NNBC,*,F,궤,*,*,*,*
60,그램,1119,3246,3000,NNBC,*,T,그램,*,*,*,*
61,그램당량,1120,3247,4589,NNBC,*,T,그램당량,*,*,*,*
62,그램분자,1121,2886,4589,NNBC,*,F,그램분자,*,*,*,*
63,그램분자량,1122,3248,4589,NNBC,*,T,그램분자량,*,*,*,*
64,그램분자부피,1123,2887,4589,NNBC,*,F,그램분자부피,*,*,*,*
65,그램센티미터,1124,2888,4589,NNBC,*,F,그램센티미터,*,*,*,*
66,그램원자,1125,2889,4589,NNBC,*,F,그램원자,*,*,*,*
67,그램원자량,1126,3249,4589,NNBC,*,T,그램원자량,*,*,*,*
68,그램이온,1127,3250,4589,NNBC,*,T,그램이온,*,*,*,*
69,그램중,1128,3251,4589,NNBC,*,T,그램중,*,*,*,*
70,그램칼로리,1129,2890,4589,NNBC,*,F,그램칼로리,*,*,*,*
71,그램톤,1130,3252,4589,NNBC,*,T,그램톤,*,*,*,*
72,그램화학식량,1131,3253,4589,NNBC,*,T,그램화학식량,*,*,*,*
73,그레이,1132,2891,4464,NNBC,*,F,그레이,*,*,*,*
74,그레이드,1133,2892,4595,NNBC,*,F,그레이드,*,*,*,*
75,그레인,1134,3254,4589,NNBC,*,T,그레인,*,*,*,*
76,그로셴,1135,3255,4589,NNBC,*,T,그로셴,*,*,*,*
77,그로스,1136,2893,4595,NNBC,*,F,그로스,*,*,*,*
78,그로스톤,1137,3256,4589,NNBC,*,T,그로스톤,*,*,*,*
79,그루,1138,2894,3817,NNBC,*,F,그루,*,*,*,*
80,그룹,1139,3257,5600,NNBC,*,T,그룹,*,*,*,*
81,그릇,1140,3258,5033,NNBC,*,T,그릇,*,*,*,*
82,근,1141,3259,6806,NNBC,*,T,근,*,*,*,*
83,근쭝,1142,3260,4589,NNBC,*,T,근쭝,*,*,*,*
84,급,1143,3261,7552,NNBC,*,T,급,*,*,*,*
85,기,1144,2895,6741,NNBC,*,F,기,*,*,*,*
86,기가바이트,1145,2896,4419,NNBC,*,F,기가바이트,*,*,*,*
87,기가전자볼트,1146,2897,4589,NNBC,*,F,기가전자볼트,*,*,*,*
88,기니,1147,2898,4592,NNBC,*,F,기니,*,*,*,*
89,길,1151,3262,5945,NNBC,*,T,길,*,*,*,*
90,길더,1153,2899,4589,NNBC,*,F,길더,*,*,*,*
91,길버트,1154,2900,4589,NNBC,*,F,길버트,*,*,*,*
92,까벨트,1157,2901,4589,NNBC,*,F,까벨트,*,*,*,*
93,꼭지,1161,2902,4328,NNBC,*,F,꼭지,*,*,*,*
94,꾸러미,1162,2903,4605,NNBC,*,F,꾸러미,*,*,*,*
95,끗,1163,3263,4808,NNBC,*,T,끗,*,*,*,*
96,끝,1164,3264,4854,NNBC,*,T,끝,*,*,*,*
97,끼,1165,2904,5396,NNBC,*,F,끼,*,*,*,*
98,나노미터,1167,2905,4589,NNBC,*,F,나노미터,*,*,*,*
99,나노세컨드,1168,2906,4589,NNBC,*,F,나노세컨드,*,*,*,*
100,나노앰프,1169,2907,4589,NNBC,*,F,나노앰프,*,*,*,*
101,나노초,1170,2908,4589,NNBC,*,F,나노초,*,*,*,*
102,냄비,1171,2909,4637,NNBC,*,F,냄비,*,*,*,*
103,냉동톤,1172,3265,4589,NNBC,*,T,냉동톤,*,*,*,*
104,냥,1173,3266,5032,NNBC,*,T,냥,*,*,*,*
105,냥쭝,1174,3267,4589,NNBC,*,T,냥쭝,*,*,*,*
106,네퍼,1175,2910,4589,NNBC,*,F,네퍼,*,*,*,*
107,년,1176,3268,4541,NNBC,*,T,년,*,*,*,*
108,노르말,1180,3269,4589,NNBC,*,T,노르말,*,*,*,*
109,노리,1181,2911,5151,NNBC,*,F,노리,*,*,*,*
110,노이,1182,2912,4875,NNBC,*,F,노이,*,*,*,*
111,노트,1183,2913,5143,NNBC,*,F,노트,*,*,*,*
112,뉴턴,1184,3270,4606,NNBC,*,T,뉴턴,*,*,*,*
113,니트,1185,2914,4589,NNBC,*,F,니트,*,*,*,*
114,님,1186,3271,5978,NNBC,*,T,님,*,*,*,*
115,닢,1187,3272,4589,NNBC,*,T,닢,*,*,*,*
116,다릭,1188,3273,4589,NNBC,*,T,다릭,*,*,*,*
117,다발,1190,3274,4148,NNBC,*,T,다발,*,*,*,*
118,다스,1191,2915,4687,NNBC,*,F,다스,*,*,*,*
119,다인,1192,3275,4724,NNBC,*,T,다인,*,*,*,*
120,다임,1193,3276,4631,NNBC,*,T,다임,*,*,*,*
121,단,1194,3277,7451,NNBC,*,T,단,*,*,*,*
122,단계,1195,2916,4704,NNBC,*,F,단계,*,*,*,*
123,단락,1196,3278,4631,NNBC,*,T,단락,*,*,*,*
124,단보,1197,2917,4589,NNBC,*,F,단보,*,*,*,*
125,단원,1198,3279,3885,NNBC,*,T,단원,*,*,*,*
126,단지,1199,2918,4770,NNBC,*,F,단지,*,*,*,*
127,달,1200,3280,6279,NNBC,*,T,달,*,*,*,*
128,달란트,1201,2919,4589,NNBC,*,F,달란트,*,*,*,*
129,달러,1202,2920,3602,NNBC,*,F,달러,*,*,*,*
130,달톤,1203,3281,4589,NNBC,*,T,달톤,*,*,*,*
131,담불,1204,3282,4589,NNBC,*,T,담불,*,*,*,*
132,대,1205,2921,4748,NNBC,*,F,대,*,*,*,*
133,대괵,1206,3283,4589,NNBC,*,T,대괵,*,*,*,*
134,덩어리,1208,2922,4714,NNBC,*,F,덩어리,*,*,*,*
135,덩이,1209,2923,4464,NNBC,*,F,덩이,*,*,*,*
136,데나리온,1210,3284,4589,NNBC,*,T,데나리온,*,*,*,*
137,데니어,1211,2924,4589,NNBC,*,F,데니어,*,*,*,*
138,데시그램,1212,3285,3000,NNBC,*,T,데시그램,*,*,*,*
139,데시리터,1213,2925,4589,NNBC,*,F,데시리터,*,*,*,*
140,데시미터,1214,2926,4589,NNBC,*,F,데시미터,*,*,*,*
141,데시벨,1215,3286,4589,NNBC,*,T,데시벨,*,*,*,*
142,데시아르,1216,2927,4589,NNBC,*,F,데시아르,*,*,*,*
143,데카그램,1217,3287,3000,NNBC,*,T,데카그램,*,*,*,*
144,데카르,1218,2928,4742,NNBC,*,F,데카르,*,*,*,*
145,데카리터,1219,2929,4589,NNBC,*,F,데카리터,*,*,*,*
146,데카미터,1220,2930,4589,NNBC,*,F,데카미터,*,*,*,*
147,도,1221,2931,6617,NNBC,*,F,도,*,*,*,*
148,도브슨단위,1222,2932,4589,NNBC,*,F,도브슨단위,*,*,*,*
149,도일,1223,3288,4991,NNBC,*,T,도일,*,*,*,*
150,돈,1224,3289,5724,NNBC,*,T,돈,*,*,*,*
151,돈쭝,1225,3290,4589,NNBC,*,T,돈쭝,*,*,*,*
152,돌,1226,3291,6352,NNBC,*,T,돌,*,*,*,*
153,돌기,1227,2933,4589,NNBC,*,F,돌기,*,*,*,*
154,돌이,1228,2934,5590,NNBC,*,F,돌이,*,*,*,*
155,동,1230,3292,6567,NNBC,*,T,동,*,*,*,*
156,동무니,1231,2935,4589,NNBC,*,F,동무니,*,*,*,*
157,동이,1232,2936,5407,NNBC,*,F,동이,*,*,*,*
158,되,1233,2937,5267,NNBC,*,F,되,*,*,*,*
159,되지기,1234,2938,4589,NNBC,*,F,되지기,*,*,*,*
160,두,1235,2939,6472,NNBC,*,F,두,*,*,*,*
161,두름,1236,3293,4589,NNBC,*,T,두름,*,*,*,*
162,등,1237,3294,4744,NNBC,*,T,등,*,*,*,*
163,등급,1238,3295,4292,NNBC,*,T,등급,*,*,*,*
164,등분,1239,3296,4591,NNBC,*,T,등분,*,*,*,*
165,디그리데이,1240,2940,4589,NNBC,*,F,디그리데이,*,*,*,*
166,디나르,1241,2941,4589,NNBC,*,F,디나르,*,*,*,*
167,디르함,1242,3297,4589,NNBC,*,T,디르함,*,*,*,*
168,디바이,1243,2942,4589,NNBC,*,F,디바이,*,*,*,*
169,디옵터,1244,2943,4589,NNBC,*,F,디옵터,*,*,*,*
170,디피아이,1245,2944,4589,NNBC,*,F,디피아이,*,*,*,*
171,디피에스,1246,2945,4589,NNBC,*,F,디피에스,*,*,*,*
172,땀,1247,3298,4703,NNBC,*,T,땀,*,*,*,*
173,람다,1248,2946,4640,NNBC,*,F,람다,*,*,*,*
174,래드,1249,2947,4596,NNBC,*,F,래드,*,*,*,*
175,랜드,1250,2948,5072,NNBC,*,F,랜드,*,*,*,*
176,량,1251,3299,5736,NNBC,*,T,량,*,*,*,*
177,러더퍼드,1252,2949,4589,NNBC,*,F,러더퍼드,*,*,*,*
178,럭스,1253,2950,4628,NNBC,*,F,럭스,*,*,*,*
179,럼,1254,3300,5560,NNBC,*,T,럼,*,*,*,*
180,레우,1255,2951,4589,NNBC,*,F,레우,*,*,*,*
181,레프,1256,2952,4631,NNBC,*,F,레프,*,*,*,*
182,렌텐마르크,1257,2953,4589,NNBC,*,F,렌텐마르크,*,*,*,*
183,렘,1258,3301,4836,NNBC,*,T,렘,*,*,*,*
184,렙,1259,3302,4589,NNBC,*,T,렙,*,*,*,*
185,령,1260,3303,5810,NNBC,*,T,령,*,*,*,*
186,로드,1261,2954,4755,NNBC,*,F,로드,*,*,*,*
187,뢴트겐,1262,3304,4589,NNBC,*,T,뢴트겐,*,*,*,*
188,루멘,1263,3305,4589,NNBC,*,T,루멘,*,*,*,*
189,루멘시,1264,2955,4589,NNBC,*,F,루멘시,*,*,*,*
190,루멘초,1265,2956,4589,NNBC,*,F,루멘초,*,*,*,*
191,루블,1266,3306,4589,NNBC,*,T,루블,*,*,*,*
192,루피,1267,2957,4639,NNBC,*,F,루피,*,*,*,*
193,루피아,1268,2958,4589,NNBC,*,F,루피아,*,*,*,*
194,리,1269,2959,7201,NNBC,*,F,리,*,*,*,*
195,리라,1270,2960,6267,NNBC,*,F,리라,*,*,*,*
196,리브르,1271,2961,4589,NNBC,*,F,리브르,*,*,*,*
197,리알,1272,3307,4591,NNBC,*,T,리알,*,*,*,*
198,리얄,1273,3308,4589,NNBC,*,T,리얄,*,*,*,*
199,리엘,1274,3309,4617,NNBC,*,T,리엘,*,*,*,*
200,리터,1275,2962,4605,NNBC,*,F,리터,*,*,*,*
201,릴,1277,3310,5545,NNBC,*,T,릴,*,*,*,*
202,림,1278,3311,6235,NNBC,*,T,림,*,*,*,*
203,립,1279,3312,6157,NNBC,*,T,립,*,*,*,*
204,링기트,1280,2963,4589,NNBC,*,F,링기트,*,*,*,*
205,링크,1281,2964,4603,NNBC,*,F,링크,*,*,*,*
206,마,1282,2965,7174,NNBC,*,F,마,*,*,*,*
207,마당,1283,3313,5487,NNBC,*,T,마당,*,*,*,*
208,마디,1284,2966,4791,NNBC,*,F,마디,*,*,*,*
209,마력,1285,3314,4677,NNBC,*,T,마력,*,*,*,*
210,마력시,1286,2967,4589,NNBC,*,F,마력시,*,*,*,*
211,마르카,1287,2968,4589,NNBC,*,F,마르카,*,*,*,*
212,마르크,1288,2969,4949,NNBC,*,F,마르크,*,*,*,*
213,마리,1289,2970,3771,NNBC,*,F,마리,*,*,*,*
214,마이크로그램,1291,3315,3000,NNBC,*,T,마이크로그램,*,*,*,*
215,마이크로마이크로퀴리,1292,2971,4589,NNBC,*,F,마이크로마이크로퀴리,*,*,*,*
216,마이크로마이크로패럿,1293,3316,4589,NNBC,*,T,마이크로마이크로패럿,*,*,*,*
217,마이크로미크론,1294,3317,4589,NNBC,*,T,마이크로미크론,*,*,*,*
218,마이크로미터,1295,2972,4589,NNBC,*,F,마이크로미터,*,*,*,*
219,마이크로세컨드,1296,2973,4589,NNBC,*,F,마이크로세컨드,*,*,*,*
220,마이크로옴,1297,3318,4589,NNBC,*,T,마이크로옴,*,*,*,*
221,마이크로초,1298,2974,4589,NNBC,*,F,마이크로초,*,*,*,*
222,마이크로퀴리,1299,2975,4589,NNBC,*,F,마이크로퀴리,*,*,*,*
223,마이크로패럿,1300,3319,4589,NNBC,*,T,마이크로패럿,*,*,*,*
224,마일,1301,3320,4437,NNBC,*,T,마일,*,*,*,*
225,마장,1302,3321,4678,NNBC,*,T,마장,*,*,*,*
226,마지기,1303,2976,4589,NNBC,*,F,마지기,*,*,*,*
227,마하,1304,2977,4649,NNBC,*,F,마하,*,*,*,*
228,마하수,1305,2978,4589,NNBC,*,F,마하수,*,*,*,*
229,마헤,1306,2979,4589,NNBC,*,F,마헤,*,*,*,*
230,막,1307,3322,5234,NNBC,*,T,막,*,*,*,*
231,말,1308,3323,5110,NNBC,*,T,말,*,*,*,*
232,매,1309,2980,6857,NNBC,*,F,매,*,*,*,*
233,맥스웰,1310,3324,4589,NNBC,*,T,맥스웰,*,*,*,*
234,메가다인,1312,3325,4589,NNBC,*,T,메가다인,*,*,*,*
235,메가데스,1313,2981,4589,NNBC,*,F,메가데스,*,*,*,*
236,메가바,1314,2982,4589,NNBC,*,F,메가바,*,*,*,*
237,메가바이트,1315,2983,4589,NNBC,*,F,메가바이트,*,*,*,*
238,메가비트,1316,2984,4589,NNBC,*,F,메가비트,*,*,*,*
239,메가사이클,1317,3326,4589,NNBC,*,T,메가사이클,*,*,*,*
240,메가와트일,1318,3327,4589,NNBC,*,T,메가와트일,*,*,*,*
241,메가전자볼트,1319,2985,4589,NNBC,*,F,메가전자볼트,*,*,*,*
242,메가톤,1320,3328,4589,NNBC,*,T,메가톤,*,*,*,*
243,메가헤르츠,1321,2986,4589,NNBC,*,F,메가헤르츠,*,*,*,*
244,메그옴,1322,3329,4589,NNBC,*,T,메그옴,*,*,*,*
245,메브,1323,2987,4589,NNBC,*,F,메브,*,*,*,*
246,메시,1324,2988,4633,NNBC,*,F,메시,*,*,*,*
247,명,1325,3330,4034,NNBC,*,T,명,*,*,*,*
248,모,1326,2989,7073,NNBC,*,F,모,*,*,*,*
249,모금,1327,3331,4533,NNBC,*,T,모금,*,*,*,*
250,모라,1328,2990,4795,NNBC,*,F,모라,*,*,*,*
251,모르간단위,1329,2991,4589,NNBC,*,F,모르간단위,*,*,*,*
252,모숨,1330,3332,4589,NNBC,*,T,모숨,*,*,*,*
253,몰,1331,3333,6172,NNBC,*,T,몰,*,*,*,*
254,몰분자,1332,2992,4589,NNBC,*,F,몰분자,*,*,*,*
255,묘,1333,2993,5808,NNBC,*,F,묘,*,*,*,*
256,무,1334,2994,6559,NNBC,*,F,무,*,*,*,*
257,무더기,1335,2995,4765,NNBC,*,F,무더기,*,*,*,*
258,묶음,1336,3334,5110,NNBC,*,T,묶음,*,*,*,*
259,문,1337,3335,7015,NNBC,*,T,문,*,*,*,*
260,물리뢴트겐당량,1338,3336,4589,NNBC,*,T,물리뢴트겐당량,*,*,*,*
261,뭇,1339,3337,5320,NNBC,*,T,뭇,*,*,*,*
262,뭉치,1340,2996,4976,NNBC,*,F,뭉치,*,*,*,*
263,미,1341,2997,6047,NNBC,*,F,미,*,*,*,*
264,미국톤,1342,3338,4589,NNBC,*,T,미국톤,*,*,*,*
265,미크론,1343,3339,4589,NNBC,*,T,미크론,*,*,*,*
266,미터,1344,2998,4259,NNBC,*,F,미터,*,*,*,*
267,미터촉광,1345,3340,4589,NNBC,*,T,미터촉광,*,*,*,*
268,미터톤,1346,3341,4589,NNBC,*,T,미터톤,*,*,*,*
269,밀,1347,3342,5742,NNBC,*,T,밀,*,*,*,*
270,밀리,1348,2999,4563,NNBC,*,F,밀리,*,*,*,*
271,밀리갈,1349,3343,4589,NNBC,*,T,밀리갈,*,*,*,*
272,밀리그램,1350,3344,3000,NNBC,*,T,밀리그램,*,*,*,*
273,밀리뢴트겐,1351,3345,4589,NNBC,*,T,밀리뢴트겐,*,*,*,*
274,밀리리터,1352,3000,4533,NNBC,*,F,밀리리터,*,*,*,*
275,밀리몰,1353,3346,4589,NNBC,*,T,밀리몰,*,*,*,*
276,밀리미크론,1354,3347,4589,NNBC,*,T,밀리미크론,*,*,*,*
277,밀리미터,1355,3001,4589,NNBC,*,F,밀리미터,*,*,*,*
278,밀리바,1356,3002,4589,NNBC,*,F,밀리바,*,*,*,*
279,밀리볼트,1357,3003,4589,NNBC,*,F,밀리볼트,*,*,*,*
280,밀리암페어,1358,3004,4589,NNBC,*,F,밀리암페어,*,*,*,*
281,밀리와트,1359,3005,4589,NNBC,*,F,밀리와트,*,*,*,*
282,밀리퀴리,1360,3006,4589,NNBC,*,F,밀리퀴리,*,*,*,*
283,밉스,1361,3007,4589,NNBC,*,F,밉스,*,*,*,*
284,바,1362,3008,6676,NNBC,*,F,바,*,*,*,*
285,바가지,1363,3009,4112,NNBC,*,F,바가지,*,*,*,*
286,바구니,1364,3010,4697,NNBC,*,F,바구니,*,*,*,*
287,바람,1365,3348,5685,NNBC,*,T,바람,*,*,*,*
288,바이트,1366,3011,5001,NNBC,*,F,바이트,*,*,*,*
289,바퀴,1367,3012,4450,NNBC,*,F,바퀴,*,*,*,*
290,바탕,1369,3349,4938,NNBC,*,T,바탕,*,*,*,*
291,바트,1370,3013,4590,NNBC,*,F,바트,*,*,*,*
292,박,1371,3350,5978,NNBC,*,T,박,*,*,*,*
293,박자,1372,3014,5105,NNBC,*,F,박자,*,*,*,*
294,반,1373,3351,6293,NNBC,*,T,반,*,*,*,*
295,발,1374,3352,6453,NNBC,*,T,발,*,*,*,*
296,발보아,1375,3015,4589,NNBC,*,F,발보아,*,*,*,*
297,발짝,1376,3353,4535,NNBC,*,T,발짝,*,*,*,*
298,방,1377,3354,6366,NNBC,*,T,방,*,*,*,*
299,방울,1378,3355,5043,NNBC,*,T,방울,*,*,*,*
300,배,1379,3016,6128,NNBC,*,F,배,*,*,*,*
301,배럴,1380,3356,4589,NNBC,*,T,배럴,*,*,*,*
302,번,1381,3357,3521,NNBC,*,T,번,*,*,*,*
303,번수,1382,3017,4589,NNBC,*,F,번수,*,*,*,*
304,번지,1383,3018,4794,NNBC,*,F,번지,*,*,*,*
305,벌,1387,3358,4836,NNBC,*,T,벌,*,*,*,*
306,범,1388,3359,6060,NNBC,*,T,범,*,*,*,*
307,베가톤,1389,3360,4589,NNBC,*,T,베가톤,*,*,*,*
308,베브,1390,3019,4589,NNBC,*,F,베브,*,*,*,*
309,베크렐,1391,3361,4589,NNBC,*,T,베크렐,*,*,*,*
310,벨,1392,3362,5222,NNBC,*,T,벨,*,*,*,*
311,병,1393,3363,5971,NNBC,*,T,병,*,*,*,*
312,보,1394,3020,6531,NNBC,*,F,보,*,*,*,*
313,보따리,1395,3021,4487,NNBC,*,F,보따리,*,*,*,*
314,보루,1396,3022,4594,NNBC,*,F,보루,*,*,*,*
315,보메,1397,3023,4589,NNBC,*,F,보메,*,*,*,*
316,보지락,1398,3364,4589,NNBC,*,T,보지락,*,*,*,*
317,본,1399,3365,6382,NNBC,*,T,본,*,*,*,*
318,볼트,1400,3024,4577,NNBC,*,F,볼트,*,*,*,*
319,볼트암페어,1401,3025,4589,NNBC,*,F,볼트암페어,*,*,*,*
320,봉지,1402,3026,4614,NNBC,*,F,봉지,*,*,*,*
321,봉투,1403,3027,4629,NNBC,*,F,봉투,*,*,*,*
322,부,1404,3028,5309,NNBC,*,F,부,*,*,*,*
323,부대,1405,3029,4757,NNBC,*,F,부대,*,*,*,*
324,부류,1406,3030,4585,NNBC,*,F,부류,*,*,*,*
325,부셸,1407,3366,4589,NNBC,*,T,부셸,*,*,*,*
326,분,1408,3367,5461,NNBC,*,T,분,*,*,*,*
327,불,1409,3368,5561,NNBC,*,T,불,*,*,*,*
328,비르,1410,3031,4589,NNBC,*,F,비르,*,*,*,*
329,비티유,1411,3032,4589,NNBC,*,F,비티유,*,*,*,*
330,비피에스,1412,3033,4589,NNBC,*,F,비피에스,*,*,*,*
331,빌리언일렉트론볼트,1413,3034,4589,NNBC,*,F,빌리언일렉트론볼트,*,*,*,*
332,뼘,1414,3369,4437,NNBC,*,T,뼘,*,*,*,*
333,뿌리,1415,3035,4719,NNBC,*,F,뿌리,*,*,*,*
334,사람,1416,3370,5437,NNBC,*,T,사람,*,*,*,*
335,사발,1417,3371,4595,NNBC,*,T,사발,*,*,*,*
336,사이클,1418,3372,4589,NNBC,*,T,사이클,*,*,*,*
337,사탕,1419,3373,4603,NNBC,*,T,사탕,*,*,*,*
338,삭,1420,3374,5662,NNBC,*,T,삭,*,*,*,*
339,살,1421,3375,3967,NNBC,*,T,살,*,*,*,*
340,삽,1422,3376,4796,NNBC,*,T,삽,*,*,*,*
341,상자,1423,3036,4713,NNBC,*,F,상자,*,*,*,*
342,상팀,1424,3377,4589,NNBC,*,T,상팀,*,*,*,*
343,새,1425,3037,6394,NNBC,*,F,새,*,*,*,*
344,서큘러밀,1426,3378,4589,NNBC,*,T,서큘러밀,*,*,*,*
345,석,1427,3379,6108,NNBC,*,T,석,*,*,*,*
346,석유환산톤,1428,3380,4589,NNBC,*,T,석유환산톤,*,*,*,*
347,선,1429,3381,7224,NNBC,*,T,선,*,*,*,*
348,섬,1430,3382,5698,NNBC,*,T,섬,*,*,*,*
349,세,1431,3038,5653,NNBC,*,F,세,*,*,*,*
350,세대,1432,3039,5060,NNBC,*,F,세대,*,*,*,*
351,세제곱미터,1433,3040,4589,NNBC,*,F,세제곱미터,*,*,*,*
352,세제곱센티미터,1434,3041,4589,NNBC,*,F,세제곱센티미터,*,*,*,*
353,센트,1437,3042,4717,NNBC,*,F,센트,*,*,*,*
354,센티,1438,3043,4756,NNBC,*,F,센티,*,*,*,*
355,센티그램,1439,3383,3000,NNBC,*,T,센티그램,*,*,*,*
356,센티리터,1440,3044,4589,NNBC,*,F,센티리터,*,*,*,*
357,센티미터,1441,3045,4150,NNBC,*,F,센티미터,*,*,*,*
358,셀로,1442,3046,4670,NNBC,*,F,셀로,*,*,*,*
359,속,1443,3384,5996,NNBC,*,T,속,*,*,*,*
360,손,1444,3385,5993,NNBC,*,T,손,*,*,*,*
361,송이,1445,3047,4797,NNBC,*,F,송이,*,*,*,*
362,쇼트톤,1446,3386,4589,NNBC,*,T,쇼트톤,*,*,*,*
363,수,1447,3048,6960,NNBC,*,F,수,*,*,*,*
364,수은주미터,1448,3049,4589,NNBC,*,F,수은주미터,*,*,*,*
365,수은주밀리미터,1449,3050,4589,NNBC,*,F,수은주밀리미터,*,*,*,*
366,숟가락,1450,3387,4163,NNBC,*,T,숟가락,*,*,*,*
367,숟갈,1451,3388,4861,NNBC,*,T,숟갈,*,*,*,*
368,술,1452,3389,5923,NNBC,*,T,술,*,*,*,*
369,승,1453,3390,5369,NNBC,*,T,승,*,*,*,*
370,시,1454,3051,5459,NNBC,*,F,시,*,*,*,*
371,시간,1455,3391,4259,NNBC,*,T,시간,*,*,*,*
372,시버트,1456,3052,4589,NNBC,*,F,시버트,*,*,*,*
373,시시,1457,3053,4670,NNBC,*,F,시시,*,*,*,*
374,식,1458,3392,7229,NNBC,*,T,식,*,*,*,*
375,실,1459,3393,7238,NNBC,*,T,실,*,*,*,*
376,실링,1460,3394,4589,NNBC,*,T,실링,*,*,*,*
377,쌈,1461,3395,4738,NNBC,*,T,쌈,*,*,*,*
378,쌍,1462,3396,6315,NNBC,*,T,쌍,*,*,*,*
379,아르,1463,3054,5081,NNBC,*,F,아르,*,*,*,*
380,아르피엠,1464,3397,4589,NNBC,*,T,아르피엠,*,*,*,*
381,아름,1465,3398,5764,NNBC,*,T,아름,*,*,*,*
382,아보그램,1466,3399,3000,NNBC,*,T,아보그램,*,*,*,*
383,아인슈타인,1467,3400,4649,NNBC,*,T,아인슈타인,*,*,*,*
384,악장,1468,3401,4594,NNBC,*,T,악장,*,*,*,*
385,알,1469,3402,5957,NNBC,*,T,알,*,*,*,*
386,암페어,1470,3055,4589,NNBC,*,F,암페어,*,*,*,*
387,암페어시,1471,3056,4589,NNBC,*,F,암페어시,*,*,*,*
388,액트,1472,3057,4589,NNBC,*,F,액트,*,*,*,*
389,앵커,1473,3058,4546,NNBC,*,F,앵커,*,*,*,*
390,야드,1474,3059,4964,NNBC,*,F,야드,*,*,*,*
391,약용온스,1475,3060,4589,NNBC,*,F,약용온스,*,*,*,*
392,에르그,1476,3061,4589,NNBC,*,F,에르그,*,*,*,*
393,에이유,1477,3062,4598,NNBC,*,F,에이유,*,*,*,*
394,에이치에프유,1478,3063,4589,NNBC,*,F,에이치에프유,*,*,*,*
395,에이치피,1479,3064,4589,NNBC,*,F,에이치피,*,*,*,*
396,에이커,1480,3065,4591,NNBC,*,F,에이커,*,*,*,*
397,에이피아이도,1481,3066,4589,NNBC,*,F,에이피아이도,*,*,*,*
398,엔,1482,3403,5226,NNBC,*,T,엔,*,*,*,*
399,엘레,1483,3067,4589,NNBC,*,F,엘레,*,*,*,*
400,엠더블유디,1484,3068,4589,NNBC,*,F,엠더블유디,*,*,*,*
401,엠엠시,1485,3069,4589,NNBC,*,F,엠엠시,*,*,*,*
402,엠피에이치,1486,3070,4589,NNBC,*,F,엠피에이치,*,*,*,*
403,역시간,1487,3404,4590,NNBC,*,T,역시간,*,*,*,*
404,역표년,1488,3405,4589,NNBC,*,T,역표년,*,*,*,*
405,연,1489,3406,8008,NNBC,*,T,연,*,*,*,*
406,연발,1490,3407,4589,NNBC,*,T,연발,*,*,*,*
407,엽,1491,3408,5199,NNBC,*,T,엽,*,*,*,*
408,영,1492,3409,6991,NNBC,*,T,영,*,*,*,*
409,영국톤,1493,3410,4589,NNBC,*,T,영국톤,*,*,*,*
410,영리,1494,3071,4613,NNBC,*,F,영리,*,*,*,*
411,영척,1495,3411,4589,NNBC,*,T,영척,*,*,*,*
412,영톤,1496,3412,4589,NNBC,*,T,영톤,*,*,*,*
413,옥타브,1497,3072,5125,NNBC,*,F,옥타브,*,*,*,*
414,온스,1498,3073,4592,NNBC,*,F,온스,*,*,*,*
415,옴,1499,3413,4708,NNBC,*,T,옴,*,*,*,*
416,옴큼,1500,3414,4589,NNBC,*,T,옴큼,*,*,*,*
417,옹스트롬,1501,3415,4589,NNBC,*,T,옹스트롬,*,*,*,*
418,와트,1502,3074,4589,NNBC,*,F,와트,*,*,*,*
419,와트시,1503,3075,4589,NNBC,*,F,와트시,*,*,*,*
420,와트초,1504,3076,4589,NNBC,*,F,와트초,*,*,*,*
421,외레,1505,3077,4589,NNBC,*,F,외레,*,*,*,*
422,우리,1507,3078,5393,NNBC,*,F,우리,*,*,*,*
423,움큼,1508,3416,4589,NNBC,*,T,움큼,*,*,*,*
424,원,1509,3417,5731,NNBC,*,T,원,*,*,*,*
425,월,1510,3418,4910,NNBC,*,T,월,*,*,*,*
426,웨버,1511,3079,4589,NNBC,*,F,웨버,*,*,*,*
427,위,1512,3080,4762,NNBC,*,F,위,*,*,*,*
428,위안,1513,3419,4326,NNBC,*,T,위안,*,*,*,*
429,유로,1517,3081,4801,NNBC,*,F,유로,*,*,*,*
430,유카와,1518,3082,4589,NNBC,*,F,유카와,*,*,*,*
431,육리,1519,3083,4589,NNBC,*,F,육리,*,*,*,*
432,은량,1520,3420,4589,NNBC,*,T,은량,*,*,*,*
433,음향옴,1521,3421,4589,NNBC,*,T,음향옴,*,*,*,*
434,인,1522,3422,8029,NNBC,*,T,인,*,*,*,*
435,인마일,1523,3423,4589,NNBC,*,T,인마일,*,*,*,*
436,인시,1524,3084,4861,NNBC,*,F,인시,*,*,*,*
437,인치,1525,3085,4239,NNBC,*,F,인치,*,*,*,*
438,인킬로,1526,3086,4589,NNBC,*,F,인킬로,*,*,*,*
439,일,1527,3424,4529,NNBC,*,T,일,*,*,*,*
440,일렉트론볼트,1528,3087,4589,NNBC,*,F,일렉트론볼트,*,*,*,*
441,입방미터,1529,3088,4589,NNBC,*,F,입방미터,*,*,*,*
442,입평,1530,3425,4589,NNBC,*,T,입평,*,*,*,*
443,잎,1531,3426,5025,NNBC,*,T,잎,*,*,*,*
444,자,1532,3089,7359,NNBC,*,F,자,*,*,*,*
445,자루,1533,3090,4937,NNBC,*,F,자루,*,*,*,*
446,자밤,1534,3427,4589,NNBC,*,T,자밤,*,*,*,*
447,자오,1535,3091,4705,NNBC,*,F,자오,*,*,*,*
448,작,1536,3428,6182,NNBC,*,T,작,*,*,*,*
449,잔,1537,3429,7044,NNBC,*,T,잔,*,*,*,*
450,장,1538,3430,5590,NNBC,*,T,장,*,*,*,*
451,장도막,1539,3431,4589,NNBC,*,T,장도막,*,*,*,*
452,재,1540,3092,7001,NNBC,*,F,재,*,*,*,*
453,잰스키,1541,3093,4589,NNBC,*,F,잰스키,*,*,*,*
454,쟁기,1542,3094,4591,NNBC,*,F,쟁기,*,*,*,*
455,전,1543,3432,7766,NNBC,*,T,전,*,*,*,*
456,전자볼트,1544,3095,4589,NNBC,*,F,전자볼트,*,*,*,*
457,절,1545,3433,6567,NNBC,*,T,절,*,*,*,*
458,점,1546,3434,5423,NNBC,*,T,점,*,*,*,*
459,접,1547,3435,5743,NNBC,*,T,접,*,*,*,*
460,접시,1548,3096,4337,NNBC,*,F,접시,*,*,*,*
461,젓가락,1549,3436,4159,NNBC,*,T,젓가락,*,*,*,*
462,정,1550,3437,7283,NNBC,*,T,정,*,*,*,*
463,정보,1551,3097,4008,NNBC,*,F,정보,*,*,*,*
464,제,1552,3098,7122,NNBC,*,F,제,*,*,*,*
465,제곱미터,1553,3099,4589,NNBC,*,F,제곱미터,*,*,*,*
466,제곱센티미터,1554,3100,4589,NNBC,*,F,제곱센티미터,*,*,*,*
467,조,1556,3101,7355,NNBC,*,F,조,*,*,*,*
468,조각,1557,3438,4927,NNBC,*,T,조각,*,*,*,*
469,조짐,1558,3439,4525,NNBC,*,T,조짐,*,*,*,*
470,족,1559,3440,6160,NNBC,*,T,족,*,*,*,*
471,종류,1560,3102,4632,NNBC,*,F,종류,*,*,*,*
472,좌,1561,3103,5568,NNBC,*,F,좌,*,*,*,*
473,주,1562,3104,5179,NNBC,*,F,주,*,*,*,*
474,주간,1563,3441,4450,NNBC,*,T,주간,*,*,*,*
475,주기,1564,3105,4694,NNBC,*,F,주기,*,*,*,*
476,주년,1565,3442,4193,NNBC,*,T,주년,*,*,*,*
477,주먹,1566,3443,4248,NNBC,*,T,주먹,*,*,*,*
478,주일,1567,3444,3610,NNBC,*,T,주일,*,*,*,*
479,주전자,1568,3106,4574,NNBC,*,F,주전자,*,*,*,*
480,줄,1569,3445,6081,NNBC,*,T,줄,*,*,*,*
481,줄기,1570,3107,4606,NNBC,*,F,줄기,*,*,*,*
482,줌,1571,3446,5346,NNBC,*,T,줌,*,*,*,*
483,중량그램,1572,3447,3000,NNBC,*,T,중량그램,*,*,*,*
484,중량킬로그램,1573,3448,3000,NNBC,*,T,중량킬로그램,*,*,*,*
485,중량톤,1574,3449,4589,NNBC,*,T,중량톤,*,*,*,*
486,즈워티,1575,3108,4589,NNBC,*,F,즈워티,*,*,*,*
487,지,1576,3109,7774,NNBC,*,F,지,*,*,*,*
488,지도거리,1577,3110,4589,NNBC,*,F,지도거리,*,*,*,*
489,지도단위,1578,3111,4589,NNBC,*,F,지도단위,*,*,*,*
490,지멘스,1579,3112,4589,NNBC,*,F,지멘스,*,*,*,*
491,질,1580,3450,6639,NNBC,*,T,질,*,*,*,*
492,짐,1581,3451,6075,NNBC,*,T,짐,*,*,*,*
493,집,1582,3452,6157,NNBC,*,T,집,*,*,*,*
494,짝,1583,3453,5582,NNBC,*,T,짝,*,*,*,*
495,쪽,1585,3454,5746,NNBC,*,T,쪽,*,*,*,*
496,차,1586,3113,5006,NNBC,*,F,차,*,*,*,*
497,차례,1587,3114,6317,NNBC,*,F,차례,*,*,*,*
498,차선,1588,3455,4689,NNBC,*,T,차선,*,*,*,*
499,채,1589,3115,5110,NNBC,*,F,채,*,*,*,*
500,척,1590,3456,5189,NNBC,*,T,척,*,*,*,*
501,천문단위,1591,3116,4589,NNBC,*,F,천문단위,*,*,*,*
502,첩,1592,3457,5018,NNBC,*,T,첩,*,*,*,*
503,체,1593,3117,6775,NNBC,*,F,체,*,*,*,*
504,체르보네츠,1594,3118,4589,NNBC,*,F,체르보네츠,*,*,*,*
505,체인,1595,3458,5119,NNBC,*,T,체인,*,*,*,*
506,초,1596,3119,5394,NNBC,*,F,초,*,*,*,*
507,촉,1597,3459,5296,NNBC,*,T,촉,*,*,*,*
508,촉광,1598,3460,4589,NNBC,*,T,촉광,*,*,*,*
509,촉력,1599,3461,4589,NNBC,*,T,촉력,*,*,*,*
510,촌,1600,3462,5634,NNBC,*,T,촌,*,*,*,*
511,추,1601,3120,6849,NNBC,*,F,추,*,*,*,*
512,축,1602,3463,6380,NNBC,*,T,축,*,*,*,*
513,춤,1603,3464,4290,NNBC,*,T,춤,*,*,*,*
514,층,1604,3465,6058,NNBC,*,T,층,*,*,*,*
515,치,1605,3121,6034,NNBC,*,F,치,*,*,*,*
516,칭,1606,3466,5917,NNBC,*,T,칭,*,*,*,*
517,카셀,1607,3467,4589,NNBC,*,T,카셀,*,*,*,*
518,카운트,1608,3122,3926,NNBC,*,F,카운트,*,*,*,*
519,카이저,1609,3123,4589,NNBC,*,F,카이저,*,*,*,*
520,칸,1610,3468,4087,NNBC,*,T,칸,*,*,*,*
521,칸델라,1611,3124,4885,NNBC,*,F,칸델라,*,*,*,*
522,칸통,1612,3469,4589,NNBC,*,T,칸통,*,*,*,*
523,칼로리,1613,3125,4083,NNBC,*,F,칼로리,*,*,*,*
524,캐럿,1614,3470,4589,NNBC,*,T,캐럿,*,*,*,*
525,캔,1615,3471,4974,NNBC,*,T,캔,*,*,*,*
526,켈빈,1617,3472,4589,NNBC,*,T,켈빈,*,*,*,*
527,켜,1618,3126,4460,NNBC,*,F,켜,*,*,*,*
528,켤레,1619,3127,4085,NNBC,*,F,켤레,*,*,*,*
529,코,1620,3128,6271,NNBC,*,F,코,*,*,*,*
530,코드,1621,3129,4642,NNBC,*,F,코드,*,*,*,*
531,코루나,1622,3130,4589,NNBC,*,F,코루나,*,*,*,*
532,쾌,1623,3131,5373,NNBC,*,F,쾌,*,*,*,*
533,쿨롬,1624,3473,4589,NNBC,*,T,쿨롬,*,*,*,*
534,쿼터,1625,3132,4624,NNBC,*,F,쿼터,*,*,*,*
535,쿼트,1626,3133,4589,NNBC,*,F,쿼트,*,*,*,*
536,퀴리,1627,3134,4589,NNBC,*,F,퀴리,*,*,*,*
537,퀸틀,1628,3474,4589,NNBC,*,T,퀸틀,*,*,*,*
538,큐,1629,3135,5380,NNBC,*,F,큐,*,*,*,*
539,큐빗,1630,3475,4589,NNBC,*,T,큐빗,*,*,*,*
540,큐섹,1631,3476,4589,NNBC,*,T,큐섹,*,*,*,*
541,크로나,1632,3136,4589,NNBC,*,F,크로나,*,*,*,*
542,크로네,1633,3137,4589,NNBC,*,F,크로네,*,*,*,*
543,크로커다일,1634,3477,4589,NNBC,*,T,크로커다일,*,*,*,*
544,크루제이로,1635,3138,4589,NNBC,*,F,크루제이로,*,*,*,*
545,킬로,1638,3139,4835,NNBC,*,F,킬로,*,*,*,*
546,킬로그램,1639,3478,3000,NNBC,*,T,킬로그램,*,*,*,*
547,킬로그램미터,1640,3140,4589,NNBC,*,F,킬로그램미터,*,*,*,*
548,킬로그램중,1641,3479,4589,NNBC,*,T,킬로그램중,*,*,*,*
549,킬로그램칼로리,1642,3141,4589,NNBC,*,F,킬로그램칼로리,*,*,*,*
550,킬로리터,1643,3142,4589,NNBC,*,F,킬로리터,*,*,*,*
551,킬로메가사이클,1644,3480,4589,NNBC,*,T,킬로메가사이클,*,*,*,*
552,킬로미터,1645,3143,4415,NNBC,*,F,킬로미터,*,*,*,*
553,킬로바,1646,3144,4589,NNBC,*,F,킬로바,*,*,*,*
554,킬로바이트,1647,3145,4589,NNBC,*,F,킬로바이트,*,*,*,*
555,킬로볼트,1648,3146,4589,NNBC,*,F,킬로볼트,*,*,*,*
556,킬로볼트암페어,1649,3147,4589,NNBC,*,F,킬로볼트암페어,*,*,*,*
557,킬로사이클,1650,3481,4589,NNBC,*,T,킬로사이클,*,*,*,*
558,킬로스터,1651,3148,4589,NNBC,*,F,킬로스터,*,*,*,*
559,킬로암페어,1652,3149,4589,NNBC,*,F,킬로암페어,*,*,*,*
560,킬로암페어시,1653,3150,4589,NNBC,*,F,킬로암페어시,*,*,*,*
561,킬로옴,1654,3482,4589,NNBC,*,T,킬로옴,*,*,*,*
562,킬로와트,1655,3151,4589,NNBC,*,F,킬로와트,*,*,*,*
563,킬로와트시,1656,3152,4589,NNBC,*,F,킬로와트시,*,*,*,*
564,킬로전자볼트,1657,3153,4589,NNBC,*,F,킬로전자볼트,*,*,*,*
565,킬로줄,1658,3483,4589,NNBC,*,T,킬로줄,*,*,*,*
566,킬로칼로리,1659,3154,4589,NNBC,*,F,킬로칼로리,*,*,*,*
567,킬로퀴리,1660,3155,4589,NNBC,*,F,킬로퀴리,*,*,*,*
568,킬로톤,1661,3484,4589,NNBC,*,T,킬로톤,*,*,*,*
569,킬로파섹,1662,3485,4589,NNBC,*,T,킬로파섹,*,*,*,*
570,킬로헤르츠,1663,3156,4589,NNBC,*,F,킬로헤르츠,*,*,*,*
571,타,1664,3157,6569,NNBC,*,F,타,*,*,*,*
572,탈러,1665,3158,4589,NNBC,*,F,탈러,*,*,*,*
573,탕,1666,3486,5661,NNBC,*,T,탕,*,*,*,*
574,테,1667,3159,5186,NNBC,*,F,테,*,*,*,*
575,테라바이트,1668,3160,4589,NNBC,*,F,테라바이트,*,*,*,*
576,테슬라,1669,3161,4589,NNBC,*,F,테슬라,*,*,*,*
577,텍스,1670,3162,4618,NNBC,*,F,텍스,*,*,*,*
578,토르,1671,3163,4654,NNBC,*,F,토르,*,*,*,*
579,토리첼리,1672,3164,4589,NNBC,*,F,토리첼리,*,*,*,*
580,토막,1673,3487,4536,NNBC,*,T,토막,*,*,*,*
581,톤,1674,3488,5101,NNBC,*,T,톤,*,*,*,*
582,톤킬로,1675,3165,4589,NNBC,*,F,톤킬로,*,*,*,*
583,톤킬로미터,1676,3166,4589,NNBC,*,F,톤킬로미터,*,*,*,*
584,톨,1677,3489,4247,NNBC,*,T,톨,*,*,*,*
585,톳,1678,3490,4589,NNBC,*,T,톳,*,*,*,*
586,통,1679,3491,6218,NNBC,*,T,통,*,*,*,*
587,통화,1680,3167,4133,NNBC,*,F,통화,*,*,*,*
588,트럭,1681,3492,5005,NNBC,*,T,트럭,*,*,*,*
589,트로이온스,1682,3168,4589,NNBC,*,F,트로이온스,*,*,*,*
590,트로이파운드,1683,3169,4589,NNBC,*,F,트로이파운드,*,*,*,*
591,티오이,1684,3170,4589,NNBC,*,F,티오이,*,*,*,*
592,파,1685,3171,6734,NNBC,*,F,파,*,*,*,*
593,파딩,1686,3493,4589,NNBC,*,T,파딩,*,*,*,*
594,파섹,1687,3494,4589,NNBC,*,T,파섹,*,*,*,*
595,파스칼,1688,3495,4571,NNBC,*,T,파스칼,*,*,*,*
596,파운달,1689,3496,4589,NNBC,*,T,파운달,*,*,*,*
597,파운드,1690,3172,4112,NNBC,*,F,파운드,*,*,*,*
598,파인트,1691,3173,4589,NNBC,*,F,파인트,*,*,*,*
599,판,1692,3497,6149,NNBC,*,T,판,*,*,*,*
600,패덤,1693,3498,4589,NNBC,*,T,패덤,*,*,*,*
601,패럿,1694,3499,4589,NNBC,*,T,패럿,*,*,*,*
602,퍼밀,1696,3500,4589,NNBC,*,T,퍼밀,*,*,*,*
603,퍼센트,1697,3174,3970,NNBC,*,F,퍼센트,*,*,*,*
604,펀,1700,3501,4672,NNBC,*,T,펀,*,*,*,*
605,펄롱,1701,3502,4589,NNBC,*,T,펄롱,*,*,*,*
606,페니,1702,3175,4589,NNBC,*,F,페니,*,*,*,*
607,페니웨이트,1703,3176,4589,NNBC,*,F,페니웨이트,*,*,*,*
608,페니히,1704,3177,4589,NNBC,*,F,페니히,*,*,*,*
609,페르미,1705,3178,4589,NNBC,*,F,페르미,*,*,*,*
610,페세타,1706,3179,4589,NNBC,*,F,페세타,*,*,*,*
611,페소,1707,3180,4601,NNBC,*,F,페소,*,*,*,*
612,펜스,1708,3181,4594,NNBC,*,F,펜스,*,*,*,*
613,편,1709,3503,5680,NNBC,*,T,편,*,*,*,*
614,편거리,1710,3182,4589,NNBC,*,F,편거리,*,*,*,*
615,평,1711,3504,4972,NNBC,*,T,평,*,*,*,*
616,평석,1712,3505,4589,NNBC,*,T,평석,*,*,*,*
617,포,1713,3183,7085,NNBC,*,F,포,*,*,*,*
618,포기,1714,3184,4382,NNBC,*,F,포기,*,*,*,*
619,포린트,1715,3185,4589,NNBC,*,F,포린트,*,*,*,*
620,포인트,1716,3186,5168,NNBC,*,F,포인트,*,*,*,*
621,포트,1717,3187,4696,NNBC,*,F,포트,*,*,*,*
622,폭,1718,3506,5587,NNBC,*,T,폭,*,*,*,*
623,폰,1719,3507,4864,NNBC,*,T,폰,*,*,*,*
624,푸드,1720,3188,4615,NNBC,*,F,푸드,*,*,*,*
625,푸아즈,1721,3189,4589,NNBC,*,F,푸아즈,*,*,*,*
626,푼,1722,3508,3642,NNBC,*,T,푼,*,*,*,*
627,푼쭝,1723,3509,4589,NNBC,*,T,푼쭝,*,*,*,*
628,푼트,1724,3190,4589,NNBC,*,F,푼트,*,*,*,*
629,풋파운드,1725,3191,4589,NNBC,*,F,풋파운드,*,*,*,*
630,프랑,1726,3510,4667,NNBC,*,T,프랑,*,*,*,*
631,프레임,1727,3511,4904,NNBC,*,T,프레임,*,*,*,*
632,프로,1728,3192,4788,NNBC,*,F,프로,*,*,*,*
633,프로밀,1729,3512,4589,NNBC,*,T,프로밀,*,*,*,*
634,프루프,1733,3193,4589,NNBC,*,F,프루프,*,*,*,*
635,프사이,1734,3194,4589,NNBC,*,F,프사이,*,*,*,*
636,프사이그,1735,3195,4589,NNBC,*,F,프사이그,*,*,*,*
637,플로린,1736,3513,4589,NNBC,*,T,플로린,*,*,*,*
638,피리어드,1737,3196,4589,NNBC,*,F,피리어드,*,*,*,*
639,피에스,1738,3197,4599,NNBC,*,F,피에스,*,*,*,*
640,피치,1739,3198,4637,NNBC,*,F,피치,*,*,*,*
641,피컬,1740,3514,4589,NNBC,*,T,피컬,*,*,*,*
642,피코세컨드,1741,3199,4589,NNBC,*,F,피코세컨드,*,*,*,*
643,피코패럿,1742,3515,4589,NNBC,*,T,피코패럿,*,*,*,*
644,피트,1743,3200,4534,NNBC,*,F,피트,*,*,*,*
645,피피비,1744,3201,4589,NNBC,*,F,피피비,*,*,*,*
646,피피에이치엠,1745,3516,4589,NNBC,*,T,피피에이치엠,*,*,*,*
647,피피엠,1746,3517,4589,NNBC,*,T,피피엠,*,*,*,*
648,필,1747,3518,4932,NNBC,*,T,필,*,*,*,*
649,필지,1748,3202,4589,NNBC,*,F,필지,*,*,*,*
650,하,1749,3203,6285,NNBC,*,F,하,*,*,*,*
651,학급,1750,3519,4863,NNBC,*,T,학급,*,*,*,*
652,학기,1751,3204,6101,NNBC,*,F,학기,*,*,*,*
653,학년,1752,3520,5881,NNBC,*,T,학년,*,*,*,*
654,할,1753,3521,6030,NNBC,*,T,할,*,*,*,*
655,합,1754,3522,6479,NNBC,*,T,합,*,*,*,*
656,항공마일,1755,3523,4589,NNBC,*,T,항공마일,*,*,*,*
657,항아리,1756,3205,4645,NNBC,*,F,항아리,*,*,*,*
658,해,1757,3206,6397,NNBC,*,F,해,*,*,*,*
659,해리,1758,3207,4672,NNBC,*,F,해리,*,*,*,*
660,헤르츠,1760,3208,4589,NNBC,*,F,헤르츠,*,*,*,*
661,헤프너촉,1761,3524,4589,NNBC,*,T,헤프너촉,*,*,*,*
662,헥타르,1762,3209,4589,NNBC,*,F,헥타르,*,*,*,*
663,헥토그램,1763,3525,3000,NNBC,*,T,헥토그램,*,*,*,*
664,헥토리터,1764,3210,4589,NNBC,*,F,헥토리터,*,*,*,*
665,헥토미터,1765,3211,4589,NNBC,*,F,헥토미터,*,*,*,*
666,헥토파스칼,1766,3526,4589,NNBC,*,T,헥토파스칼,*,*,*,*
667,헨리,1767,3212,4589,NNBC,*,F,헨리,*,*,*,*
668,호,1768,3213,5412,NNBC,*,F,호,*,*,*,*
669,홉,1770,3527,3991,NNBC,*,T,홉,*,*,*,*
670,환,1772,3528,6371,NNBC,*,T,환,*,*,*,*
671,활,1773,3529,5892,NNBC,*,T,활,*,*,*,*
672,홰,1774,3214,4589,NNBC,*,F,홰,*,*,*,*
673,회,1775,3215,5506,NNBC,*,F,회,*,*,*,*
674,획,1776,3530,5865,NNBC,*,T,획,*,*,*,*
675,훌덴,1779,3531,4589,NNBC,*,T,훌덴,*,*,*,*
